Process,Runs
Basic Oxygen Furnace,1000.0
Blast Furnace,892.8000000000001
Burnt Lime from market,58.02811098511491
Coal from Market,622.173398201134
Coke Production,419.50211593198907
Continuous Casting (R),1000.0
Direct use of Basic Steel Products (IP4),1000.0
Dolomite from market,5.0
Hot Rolling,1000.0
Iron Ore from Market,1332.7304347826093
Limestone from Market,120.3947214032469
Nitrogen from market,188.3500423186398
No Coating,1000.0
Oxygen from market,161.424
Pelletizing,1302.8110985114909
Regular Steel,1000.0
Scrap Purchase,100.0
