{
  "figures/energy_sankey.html": {
    "bytes": 5184,
    "sha256": "6a9a1fcdce73228a9308cd6c529f1237ede8492d90c565e4e5432a0cb79fc832"
  },
  "figures/energy_to_process_sankey.html": {
    "bytes": 5856,
    "sha256": "ed58905a21899fcc0efe35838638cfce3e2c6fd883a0f39cdfdb17449e5310ad"
  },
  "figures/hybrid_sankey.html": {
    "bytes": 6442,
    "sha256": "66a215704b2651dd39f727ec308bd5f47baa2b982e4149b2b67725d5c3722ee3"
  },
  "figures/mass_sankey.html": {
    "bytes": 7506,
    "sha256": "265c7fde8dc997171ebf7e61aae78ff4e2371f05ec77e954c51f259dcddfd62c"
  },
  "manifest.json": {
    "bytes": 3288,
    "sha256": "8293aeee0f6a2df2e590f68c7e05c7fa07c62b85bb73e34e47ae8188259f45d7"
  },
  "results/emissions.csv": {
    "bytes": 797,
    "sha256": "d632d03888423db910a7b22b709450bd1e632f6932c0cac290906f814b72f914"
  },
  "results/energy_balance.csv": {
    "bytes": 887,
    "sha256": "a9f792440b621cb5372babdbc472279231c10eac96f3c073ad549e2b605acb05"
  },
  "results/production_runs.csv": {
    "bytes": 448,
    "sha256": "2173140facc6f0e756b3aa32df1136244588756dcf9185d5f12943b2e432427f"
  },
  "scenario/DRI_EAF.yml": {
    "bytes": 591,
    "sha256": "be4405a6639d2d92bcd48dfa231e913af3df4b39207fec4b0b2e950f01ca5c41"
  }
}