Process,Energy Emissions,Direct Emissions,TOTAL CO2e
No Coating,0.0,0.0,0.0
Direct use of Basic Steel Products (IP4),0.0,0.0,0.0
Hot Rolling,198.72577410000002,0.2784805367,199.0042546367
Continuous Casting (R),26.51740213689057,0.0,26.51740213689057
Regular Steel,0.0,0.0,0.0
Electric Arc Furnace,397.961971568,1.328105452,399.29007702
Direct Reduction Iron,667.427048247456,1.7228651652864,669.1499134127424
Scrap Purchase,0.0,0.000958,0.000958
Pelletizing,105.89452021720912,0.11276794268110962,106.00728815989022
Iron Ore from Market,0.0,0.011502886956521742,0.011502886956521742
Natural gas from Market,0.0,0.13905510859982895,0.13905510859982895
Limestone from Market,0.0,0.0002256167481086708,0.0002256167481086708
TOTAL,1396.526716269556,3.5939607089719687,1400.120676978528
