{
  "figures/energy_sankey.html": {
    "bytes": 5239,
    "sha256": "bc59ac5cbf38c94a6b5ae7a8b9ced242cafb93e5a7c18bd4d8201fe7dbe5b7ab"
  },
  "figures/energy_to_process_sankey.html": {
    "bytes": 5876,
    "sha256": "52c9b1817d07e9c074b6376347ee8f86f0ed041d9fc4bf9e191d154eb93056f6"
  },
  "figures/hybrid_sankey.html": {
    "bytes": 6444,
    "sha256": "e18034e390e25a36f242952884eb9f28072f63e98b9a0314dfe6fdf5cebbbd35"
  },
  "figures/mass_sankey.html": {
    "bytes": 9140,
    "sha256": "a2bb1ff676725992b8615286d67e4619113e8f0f4f24b9dbc8d19a1205517fda"
  },
  "manifest.json": {
    "bytes": 3265,
    "sha256": "52fdf04571f986dff9356aa26f3662618ceaaf4ec104c5303203af96b556b281"
  },
  "results/emissions.csv": {
    "bytes": 860,
    "sha256": "237a300195d3054cc473784d0812a10655e38fcfa652486e31f8a88a9f27b288"
  },
  "results/energy_balance.csv": {
    "bytes": 1067,
    "sha256": "ce02fb29374e2513d6416a6f6aec329d1560720f8adf0e5c7112b831e45f44b8"
  },
  "results/production_runs.csv": {
    "bytes": 590,
    "sha256": "47986daa8edeb48a7801eb98eaeed6463915236870c8112d5c23f6cb45516daa"
  },
  "scenario/BF_BOF_coal.yml": {
    "bytes": 296,
    "sha256": "aacc6bf77142f59b73065ab56b7dfcb7bb9a4aef2917feee0676a84aa49e0728"
  }
}