{
  "figures/energy_sankey.html": {
    "bytes": 5288,
    "sha256": "4eaa4ce344e6e20bd81ed9ec8a020172b0abd0a2573c4238fd7ea41c5f00cfcb"
  },
  "figures/energy_to_process_sankey.html": {
    "bytes": 5955,
    "sha256": "f6f034b90ad7706009c8b24de7777df4a8f4a1033879310e8cad46c973fec1b2"
  },
  "figures/hybrid_sankey.html": {
    "bytes": 6494,
    "sha256": "69d85d0b927325661ad32dcaeaafa9cb9dd579dff5c3ccf745c3005b6b78dc3c"
  },
  "figures/mass_sankey.html": {
    "bytes": 8743,
    "sha256": "2580b0a239c50bfdc8cf3033ee168f5d745a400794d32e0d975662a3465f9d22"
  },
  "manifest.json": {
    "bytes": 3249,
    "sha256": "a3d743fc01a3fb9d9ce56c09b36cd6d5d764f6452f1e7fcaf5bb471e6cc179ba"
  },
  "results/emissions.csv": {
    "bytes": 828,
    "sha256": "057469e56b8afeb6681326f4c1cbccfcc1f1c91ba1d6f5efcc8062332007cccb"
  },
  "results/energy_balance.csv": {
    "bytes": 999,
    "sha256": "e57d8136e8efaf1d1daa84968d6eb8995d4c680fedcbd10bbcc05fb753bf8c4e"
  },
  "results/production_runs.csv": {
    "bytes": 560,
    "sha256": "67522f7805e9ea2e0606376ce984b3eecaba139814a66eec209b4143d0fba473"
  },
  "scenario/DRI_EAF.yml": {
    "bytes": 591,
    "sha256": "be4405a6639d2d92bcd48dfa231e913af3df4b39207fec4b0b2e950f01ca5c41"
  }
}