Process,Energy Emissions,Direct Emissions,TOTAL CO2e
No Coating,0.0,0.0,0.0
Direct use of Basic Steel Products (IP4),0.0,0.0,0.0
Ingot Casting,0.0,0.0,0.0
Continuous Casting (R),91.13760664535083,0.0,91.13760664535083
Regular Steel,0.0,0.0,0.0
Basic Oxygen Furnace,129.42442164746055,2.239549972,131.66397161946054
Blast Furnace,1693.3110268874073,1.5051382390944001,1694.8161651265016
Scrap Purchase,0.0,0.000958,0.000958
Sintering,487.55160193672975,0.5395834300773115,488.09118536680705
Pelletizing,18.106715337442992,0.014326707353584833,18.121042044796578
Iron Ore from Market,0.0,0.013292848390243904,0.013292848390243904
Limestone from Market,0.0,0.0006205614987169067,0.0006205614987169067
Coke Production,0.0,0.0,0.0
Coal from Market,0.0,0.3706589443198024,0.3706589443198024
TOTAL,2419.531372454391,4.68412870273406,2424.215501157126
