Process,Runs
Basic Oxygen Furnace,1000.0
Blast Furnace,892.8000000000001
Burnt Lime from market,46.60695959611021
Coal from Market,707.8927531720282
Coke Production,488.0775999087044
Continuous Casting (R),1000.0
Direct use of Basic Steel Products (IP4),1000.0
Dolomite from market,5.0
Ingot Casting,1000.0
Iron Ore from Market,1495.258536585366
Limestone from Market,226.13671213905928
Nitrogen from market,189.7215519981741
No Coating,1000.0
Oxygen from market,161.424
Pelletizing,160.6959596110205
Regular Steel,1000.0
Scrap Purchase,100.0
Sintering,1285.567676888164
